Instruction_name,instruction,,,,,
Change the Perspective,Rewrite the given text from the perspective of a bystander witnessing the events unfold.,,,,,
Add Descriptive Language,Enhance the text by incorporating three vivid adjectives and a metaphor to describe the key elements.,,,,,
Alter Sentence Structure,"Combine two short sentences into one, and break down a longer sentence into two for a varied rhythm.",,,,,
Use Synonyms,Replace at least three key words with synonyms to diversify the vocabulary without changing the overall meaning.,,,,,
Change the Tone,Transform the formal tone of the text into a humorous one while maintaining clarity.,,,,,
Switch Tenses,"Shift the text from present tense to past tense, reimagining the events as if they already happened.",,,,,
Play with Word Order,Rearrange the words in the first and last sentences to create a more engaging and unexpected opening and closing.,,,,,
Introduce Dialogue,Insert a short dialogue between two characters discussing the main points of the text.,,,,,
Create an Allegory,"Turn the content into an allegory, using a completely unrelated scenario to convey the same message.",,,,,
Use Reverse Logic,"Start with the conclusion or outcome, and gradually reveal the supporting details in reverse order.",,,,,
Employ a Different Genre,"Rewrite the text as if it were a suspenseful short story, maintaining the core information.",,,,,
Focus on Different Details,"Shift the focus from the main event to a secondary detail, highlighting its significance.",,,,,
Incorporate Cultural References,Integrate a popular cultural reference or idiom to convey the same message with a contemporary twist.,,,,,
Change the Setting,Relocate the events to a futuristic setting and describe how the changes impact the narrative.,,,,,
Add a Personal Touch,Include a brief personal anecdote that relates to the main theme of the text.,,,,,
Play with Punctuation,Experiment with ellipses in one sentence and em dashes in another to create different effects.,,,,,
Create Acronyms or Abbreviations,Condense the information into an acronym or abbreviation while ensuring clarity.,,,,,
Utilize Different Forms of Media,"Rewrite the text as a series of tweets, condensing each point into 280 characters or less.",,,,,
Blend Genres,"Merge elements of science fiction with the original text, introducing a futuristic twist.",,,,,
Consider Different Audiences,"Rewrite the text with a teenager as the target audience, adapting the language and content accordingly.",,,,,
Change the Perspective,Retell the story from the perspective of the main antagonist or a character who played a minor role.,,,,,
Add Descriptive Language,Paint a visual image by using vibrant colors and sensory details in describing the surroundings.,,,,,
Alter Sentence Structure,"Experiment with sentence lengths, making one sentence extremely short and another unusually long.",,,,,
Use Synonyms,Replace three common words with more obscure or specialized synonyms to add depth to the language.,,,,,
Change the Tone,"Transform the tone into a suspenseful one, creating an air of mystery around the main events.",,,,,
Switch Tenses,"Shift between past, present, and future tenses within the text, creating a dynamic narrative.",,,,,
Play with Word Order,"Randomly shuffle the order of words in one sentence, and then arrange them in alphabetical order in another.",,,,,
Introduce Dialogue,Include a conversation where characters express their emotions and reactions to the unfolding events.,,,,,
Create an Allegory,"Convert the content into an allegory, drawing parallels with a well-known fable or myth.",,,,,
Use Reverse Logic,"Start the text with a surprising conclusion, then gradually reveal the events leading up to it.",,,,,
Employ a Different Genre,"Transform the text into a science fiction script, incorporating futuristic elements and dialogue.",,,,,
Focus on Different Details,"Highlight a background detail that was previously overlooked, making it a central aspect of the narrative.",,,,,
Incorporate Cultural References,"Infuse the text with references to a specific culture or time period, making it more culturally rich.",,,,,
Change the Setting,"Relocate the events to a completely different geographical location, exploring its impact on the story.",,,,,
Add a Personal Touch,"Share a personal reflection or emotion related to the content, making it more relatable.",,,,,
Play with Punctuation,Replace all commas with semicolons and experiment with exclamation marks to convey excitement.,,,,,
Create Acronyms or Abbreviations,"Condense the information into an acronym, creating a memorable abbreviation for the main points.",,,,,
Utilize Different Forms of Media,"Rewrite the text as a set of Instagram captions, each caption capturing a key point or emotion.",,,,,
Blend Genres,"Merge elements of romance with the original text, adding a romantic subplot or undertone.",,,,,
Consider Different Audiences,"Adapt the text for a scholarly audience, incorporating formal language and academic references.",,,,,
Change the Perspective,Tell the story from the viewpoint of an inanimate object present in the scene.,,,,,
Add Descriptive Language,Include sounds and smells in the descriptions to evoke a multisensory experience for the reader.,,,,,
Alter Sentence Structure,"Experiment with sentence types—declarative, interrogative, imperative, and exclamatory—in the text.",,,,,
Use Synonyms,Replace common nouns with more specific or unusual ones to add nuance to the narrative.,,,,,
Change the Tone,"Infuse a touch of irony into the text, emphasizing the unexpected twists in the storyline.",,,,,
Switch Tenses,"Shift between present and future tenses, exploring different possibilities for the unfolding events.",,,,,
Play with Word Order,Begin the text with the last word of the original and work backward to the first word.,,,,,
Introduce Dialogue,Insert a monologue in which the main character reflects on the events and their impact.,,,,,
Create an Allegory,"Transform the text into a modern-day allegory, drawing parallels with contemporary issues.",,,,,
Use Reverse Logic,"Write the text in reverse order, presenting the conclusion first and leading to the initial situation.",,,,,
Employ a Different Genre,"Rewrite the text as a comedy script, injecting humor into the dialogue and situations.",,,,,
Focus on Different Details,"Zoom in on a minor character's perspective, exploring how they perceive the main events.",,,,,
Incorporate Cultural References,Integrate idioms or expressions from a different language to add a cross-cultural dimension.,,,,,
Change the Setting,"Place the events in a historical context, exploring how the narrative unfolds in a different era.",,,,,
Add a Personal Touch,Include a personal confession or realization within the narrative to deepen the emotional connection.,,,,,
Play with Punctuation,Experiment with using parentheses and brackets to add additional information or perspectives.,,,,,
Create Acronyms or Abbreviations,"Condense the information into a catchy acronym, creating a memorable shorthand for the main ideas.",,,,,
Utilize Different Forms of Media,"Present the text as a series of newspaper headlines, capturing the essence of each key point.",,,,,
Blend Genres,"Merge elements of fantasy with the original text, introducing magical elements or creatures.",,,,,
Consider Different Audiences,"Adapt the text for a children's audience, simplifying language and adding playful elements.",,,,,
Change the Perspective,"Reimagine the text as a letter from one character to another, providing insights and emotions.",,,,,
Add Descriptive Language,Incorporate onomatopoeic words to mimic sounds related to the events described.,,,,,
Alter Sentence Structure,"Experiment with sentence patterns, creating a rhythm through a mix of short and long sentences.",,,,,
Use Synonyms,Replace common verbs with dynamic or unusual alternatives to add energy to the text.,,,,,
Change the Tone,"Shift from a serious tone to a lighthearted one, injecting humor into the narrative.",,,,,
Switch Tenses,"Mix past and present tenses within the text, exploring different time frames for the events.",,,,,
Play with Word Order,"Create a palindrome using the words from one sentence, and reverse the word order in another.",,,,,
Introduce Dialogue,"Frame the text as a conversation between two characters, revealing their perspectives and reactions.",,,,,
Create an Allegory,"Turn the text into a metaphorical story, drawing parallels with a universal theme or concept.",,,,,
Use Reverse Logic,"Start with a hypothetical outcome, exploring various scenarios leading to that particular result.",,,,,
Employ a Different Genre,"Rewrite the text as a horror story, introducing suspenseful elements and eerie descriptions.",,,,,
Focus on Different Details,"Highlight a previously unmentioned detail, providing a fresh perspective on the main events.",,,,,
Incorporate Cultural References,Integrate pop culture references or slang to give the text a contemporary and trendy vibe.,,,,,
Change the Setting,"Place the events in a futuristic world, exploring how technology and society shape the narrative.",,,,,
Add a Personal Touch,"Include a personal anecdote or memory related to the events, making it more authentic.",,,,,
Play with Punctuation,"Use ellipses to create pauses and build suspense, and experiment with semicolons for a sophisticated touch.",,,,,
Create Acronyms or Abbreviations,"Condense the information into an abbreviation that forms a clever acronym, adding a playful element.",,,,,
Utilize Different Forms of Media,"Present the text as a series of diary entries, capturing the character's evolving thoughts and emotions.",,,,,
Blend Genres,"Merge elements of mystery with the original text, introducing enigmatic elements and suspense.",,,,,
Consider Different Audiences,"Adapt the text for a senior audience, incorporating wisdom and life lessons into the narrative.",,,,,
Change the Perspective - Sea Shanty Style,Compose a sea shanty recounting the tale from the viewpoint of a whimsical sea creature or mystical sailor.,,,,,
Add Descriptive Language - Sea Shanty Style,"Craft a sea shanty using peculiar, nautical-inspired metaphors and vibrant language to tell the story.",,,,,
Alter Sentence Structure - Sea Shanty Style,"Create a sea shanty with alternating short and long lines, mimicking the rhythm of ocean waves.",,,,,
Use Synonyms - Sea Shanty Style,Replace standard sea-related terms with playful and unusual synonyms in the sea shanty rendition.,,,,,
Change the Tone - Sea Shanty Style,"Transform the given text into a sea shanty with a comical and jovial tone, perfect for a quirky maritime adventure.",,,,,
Switch Tenses - Sea Shanty Style,"Recount the narrative in a sea shanty format, shifting between past and present tenses with each verse.",,,,,
Play with Word Order - Sea Shanty Style,"Rearrange the lyrics of the sea shanty in a random order, challenging the conventional flow.",,,,,
Introduce Dialogue - Sea Shanty Style,"Infuse lively dialogue between sailors or mystical beings into the sea shanty, capturing the essence of camaraderie.",,,,,
Create an Allegory - Sea Shanty Style,"Craft a sea shanty with allegorical elements, turning the sailors into symbols for deeper meanings.",,,,,
Use Reverse Logic - Sea Shanty Style,"Compose a sea shanty that begins with the resolution and sails backward through the story, embracing a reverse narrative.",,,,,
Change the Perspective - Fairy Tale Style,"Retell the narrative as if it were a whimsical fairy tale, with enchanted creatures, magical spells, and a sprinkle of fairy dust.",,,,,
Add Descriptive Language - Dr. Seuss Style,Reimagine the text with the whimsical language and playful rhymes characteristic of a Dr. Seuss story.,,,,,
Alter Sentence Structure - Limerick Style,"Transform the text into a series of limericks, with the five-line, AABBA rhyme scheme.",,,,,
Use Synonyms - Nonsensical Vocabulary Style,"Replace key words with nonsensical or invented terms, creating a delightful and quirky vocabulary.",,,,,
Change the Tone - Wonderland Tea Party Style,"Adapt the narrative to capture the whimsy of a mad tea party in Wonderland, complete with quirky characters and riddles.",,,,,
Switch Tenses - Time-Traveler's Journal Style,"Craft the story as entries in a time-traveler's journal, jumping between past, present, and future experiences.",,,,,
Play with Word Order - Jumbled Puzzle Style,"Create a puzzle-like arrangement of words, challenging the reader to rearrange them into a coherent and whimsical narrative.",,,,,
Introduce Dialogue - Whimsical Banter Style,"Infuse the text with whimsical and humorous banter between characters, creating a light-hearted and amusing atmosphere.",,,,,
Create an Allegory - Dreamland Adventure Style,"Turn the narrative into an allegorical journey through a dreamland, where every event symbolizes a unique aspect of the subconscious.",,,,,
Use Reverse Logic - Upside-Down World Style,"Imagine the story taking place in an upside-down world, where gravity is reversed, and events unfold in a topsy-turvy fashion.",,,,,
Change the Perspective - Talking Object Style,"Tell the story from the perspective of a quirky inanimate object, such as a talking teapot, an opinionated lamp, or a mischievous chair.",,,,,
Add Descriptive Language - Candyland Adventure Style,"Transform the text into a Candyland adventure, describing characters and events with sugary sweetness and vibrant confectionery imagery.",,,,,
Alter Sentence Structure - Haiku Delight Style,"Recreate the narrative in the form of haikus, capturing the essence of each scene in a concise and whimsical manner.",,,,,
Use Synonyms - Rhyming Dictionary Style,"Replace words with playful rhyming alternatives, creating a whimsical and musical rendition of the original text.",,,,,
Change the Tone - Mysterious Carnival Style,"Adapt the story with the mysterious and enchanting ambiance of a carnival at night, where unexpected wonders and peculiarities unfold.",,,,,
Switch Tenses - Time-Loop Adventure Style,"Craft the narrative as if the characters are caught in a time loop, experiencing events repeatedly with a whimsical twist each time.",,,,,
Play with Word Order - Alphabet Soup Style,"Arrange the words in alphabetical order, adding a playful challenge for the reader to unravel the whimsical tale.",,,,,
Introduce Dialogue - Quirky Radio Show Style,Present the story as a quirky radio show with lively characters engaging in amusing dialogue and comedic interactions.,,,,,
Create an Allegory - Galactic Tea Party Style,"Turn the narrative into an allegorical tea party in a whimsical galaxy, where each character represents an aspect of human nature.",,,,,
Use Reverse Logic - Inside-Out World Style,"Imagine the story taking place in a world where everything is inside out, where characters wear their thoughts on the outside and actions are revealed in reverse.",,,,,